GROUP,PACKAGE,CLASS,INSTRUCTION_MISSED,INSTRUCTION_COVERED,BRANCH_MISSED,BRANCH_COVERED,LINE_MISSED,LINE_COVERED,COMPLEXITY_MISSED,COMPLEXITY_COVERED,METHOD_MISSED,METHOD_COVERED
DigitalDriver,hn.com.tigo.josm.orchestrator.driver.digital,DigitalDriver,0,76,0,0,0,22,0,2,0,2
DigitalDriver,hn.com.tigo.josm.orchestrator.driver.digital,AbstractDriver,57,238,2,4,9,69,2,19,0,18
DigitalDriver,hn.com.tigo.josm.orchestrator.driver.digital,HttpConnectorPost,13,17,5,1,1,5,3,3,0,3
DigitalDriver,hn.com.tigo.josm.orchestrator.driver.digital.utils,DigitalConstantsDriver,3,0,0,0,1,0,1,0,1,0
DigitalDriver,hn.com.tigo.josm.orchestrator.driver.digital.request,DeleteServiceRequest,12,12,0,0,6,4,3,4,3,4
DigitalDriver,hn.com.tigo.josm.orchestrator.driver.digital.request,TigoSportsProvInput,49,3,0,0,21,1,14,1,14,1
DigitalDriver,hn.com.tigo.josm.orchestrator.driver.digital.request,AdditionalsParams,14,3,0,0,6,1,4,1,4,1
DigitalDriver,hn.com.tigo.josm.orchestrator.driver.digital.request,CreateServiceRequest,20,18,0,0,10,6,5,6,5,6
DigitalDriver,hn.com.tigo.josm.orchestrator.driver.digital.operations,DigitalCreateOperation,0,92,0,0,0,15,0,2,0,2
DigitalDriver,hn.com.tigo.josm.orchestrator.driver.digital.operations,DigitalDeleteOperation,0,80,0,0,0,15,0,2,0,2
DigitalDriver,hn.com.tigo.josm.orchestrator.driver.digital.operations,TigoSportProvisioningOperation,23,83,7,3,6,16,6,2,0,2
